Area_Code_and_Description,Code,Description,2001_Census_census_usually_resident_population_count(1),2006_Census_census_usually_resident_population_count(1),2013_Census_census_usually_resident_population_count(1),2001_Census_census_night_population_count(2),2006_Census_census_night_population_count(2),2013_Census_census_night_population_count(2),2001_Census_sex_for_the_census_usually_resident_population_count(1)_Male,2001_Census_sex_for_the_census_usually_resident_population_count(1)_Female,2001_Census_sex_for_the_census_usually_resident_population_count(1)_Total_people,2006_Census_sex_for_the_census_usually_resident_population_count(1)_Male,2006_Census_sex_for_the_census_usually_resident_population_count(1)_Female,2006_Census_sex_for_the_census_usually_resident_population_count(1)_Total_people,2013_Census_sex_for_the_census_usually_resident_population_count(1)_Male,2013_Census_sex_for_the_census_usually_resident_population_count(1)_Female,2013_Census_sex_for_the_census_usually_resident_population_count(1)_Total_people,2001_Census_age_in_five-year_groups_for_the_census_usually_resident_population_count(1)_0-4_Years,2001_Census_age_in_five-year_groups_for_the_census_usually_resident_population_count(1)_5-9_Years,2001_Census_age_in_five-year_groups_for_the_census_usually_resident_population_count(1)_10-14_Years,2001_Census_age_in_five-year_groups_for_the_census_usually_resident_population_count(1)_15-19_Years,2001_Census_age_in_five-year_groups_for_the_census_usually_resident_population_count(1)_20-24_Years,2001_Census_age_in_five-year_groups_for_the_census_usually_resident_population_count(1)_25-29_Years,2001_Census_age_in_five-year_groups_for_the_census_usually_resident_population_count(1)_30-34_Years,2001_Census_age_in_five-year_groups_for_the_census_usually_resident_population_count(1)_35-39_Years,2001_Census_age_in_five-year_groups_for_the_census_usually_resident_population_count(1)_40-44_Years,2001_Census_age_in_five-year_groups_for_the_census_usually_resident_population_count(1)_45-49_Years,2001_Census_age_in_five-year_groups_for_the_census_usually_resident_population_count(1)_50-54_Years,2001_Census_age_in_five-year_groups_for_the_census_usually_resident_population_count(1)_55-59_Years,2001_Census_age_in_five-year_groups_for_the_census_usually_resident_population_count(1)_60-64_Years,2001_Census_age_in_five-year_groups_for_the_census_usually_resident_population_count(1)_65_years_and_Over,2001_Census_age_in_five-year_groups_for_the_census_usually_resident_population_count(1)_Total_people,2001_Census_age_in_five-year_groups_for_the_census_usually_resident_population_count(1)_Median_Age(3),2006_Census_age_in_five-year_groups_for_the_census_usually_resident_population_count(1)_0-4_Years,2006_Census_age_in_five-year_groups_for_the_census_usually_resident_population_count(1)_5-9_Years,2006_Census_age_in_five-year_groups_for_the_census_usually_resident_population_count(1)_10-14_Years,2006_Census_age_in_five-year_groups_for_the_census_usually_resident_population_count(1)_15-19_Years,2006_Census_age_in_five-year_groups_for_the_census_usually_resident_population_count(1)_20-24_Years,2006_Census_age_in_five-year_groups_for_the_census_usually_resident_population_count(1)_25-29_Years,2006_Census_age_in_five-year_groups_for_the_census_usually_resident_population_count(1)_30-34_Years,2006_Census_age_in_five-year_groups_for_the_census_usually_resident_population_count(1)_35-39_Years,2006_Census_age_in_five-year_groups_for_the_census_usually_resident_population_count(1)_40-44_Years,2006_Census_age_in_five-year_groups_for_the_census_usually_resident_population_count(1)_45-49_Years,2006_Census_age_in_five-year_groups_for_the_census_usually_resident_population_count(1)_50-54_Years,2006_Census_age_in_five-year_groups_for_the_census_usually_resident_population_count(1)_55-59_Years,2006_Census_age_in_five-year_groups_for_the_census_usually_resident_population_count(1)_60-64_Years,2006_Census_age_in_five-year_groups_for_the_census_usually_resident_population_count(1)_65_years_and_Over,2006_Census_age_in_five-year_groups_for_the_census_usually_resident_population_count(1)_Total_people,2006_Census_age_in_five-year_groups_for_the_census_usually_resident_population_count(1)_Median_Age(3),2013_Census_age_in_five-year_groups_for_the_census_usually_resident_population_count(1)_0-4_Years,2013_Census_age_in_five-year_groups_for_the_census_usually_resident_population_count(1)_5-9_Years,2013_Census_age_in_five-year_groups_for_the_census_usually_resident_population_count(1)_10-14_Years,2013_Census_age_in_five-year_groups_for_the_census_usually_resident_population_count(1)_15-19_Years,2013_Census_age_in_five-year_groups_for_the_census_usually_resident_population_count(1)_20-24_Years,2013_Census_age_in_five-year_groups_for_the_census_usually_resident_population_count(1)_25-29_Years,2013_Census_age_in_five-year_groups_for_the_census_usually_resident_population_count(1)_30-34_Years,2013_Census_age_in_five-year_groups_for_the_census_usually_resident_population_count(1)_35-39_Years,2013_Census_age_in_five-year_groups_for_the_census_usually_resident_population_count(1)_40-44_Years,2013_Census_age_in_five-year_groups_for_the_census_usually_resident_population_count(1)_45-49_Years,2013_Census_age_in_five-year_groups_for_the_census_usually_resident_population_count(1)_50-54_Years,2013_Census_age_in_five-year_groups_for_the_census_usually_resident_population_count(1)_55-59_Years,2013_Census_age_in_five-year_groups_for_the_census_usually_resident_population_count(1)_60-64_Years,2013_Census_age_in_five-year_groups_for_the_census_usually_resident_population_count(1)_65_years_and_Over,2013_Census_age_in_five-year_groups_for_the_census_usually_resident_population_count(1)_Total_people,2013_Census_age_in_five-year_groups_for_the_census_usually_resident_population_count(1)_Median_Age(3),2001_Census_age_in_broad_groups_for_the_census_usually_resident_population_count(1)_Under_15_years,2001_Census_age_in_broad_groups_for_the_census_usually_resident_population_count(1)_15-64_Years,2001_Census_age_in_broad_groups_for_the_census_usually_resident_population_count(1)_65_years_and_Over,2001_Census_age_in_broad_groups_for_the_census_usually_resident_population_count(1)_Total_people,2006_Census_age_in_broad_groups_for_the_census_usually_resident_population_count(1)_Under_15_years,2006_Census_age_in_broad_groups_for_the_census_usually_resident_population_count(1)_15-64_Years,2006_Census_age_in_broad_groups_for_the_census_usually_resident_population_count(1)_65_years_and_Over,2006_Census_age_in_broad_groups_for_the_census_usually_resident_population_count(1)_Total_people,2013_Census_age_in_broad_groups_for_the_census_usually_resident_population_count(1)_Under_15_years,2013_Census_age_in_broad_groups_for_the_census_usually_resident_population_count(1)_15-64_Years,2013_Census_age_in_broad_groups_for_the_census_usually_resident_population_count(1)_65_years_and_Over,2013_Census_age_in_broad_groups_for_the_census_usually_resident_population_count(1)_Total_people,2001_Census_years_at_usual_residence_for_the_census_usually_resident_population_count(1)_0_Years,2001_Census_years_at_usual_residence_for_the_census_usually_resident_population_count(1)_1-4_Years,2001_Census_years_at_usual_residence_for_the_census_usually_resident_population_count(1)_5-9_Years,2001_Census_years_at_usual_residence_for_the_census_usually_resident_population_count(1)_10-14_Years,2001_Census_years_at_usual_residence_for_the_census_usually_resident_population_count(1)_15-29_Years,2001_Census_years_at_usual_residence_for_the_census_usually_resident_population_count(1)_30_Years_or_More,2001_Census_years_at_usual_residence_for_the_census_usually_resident_population_count(1)_Total_people_stated,2001_Census_years_at_usual_residence_for_the_census_usually_resident_population_count(1)_Not_Elsewhere_Included(4),2001_Census_years_at_usual_residence_for_the_census_usually_resident_population_count(1)_Total_people,2006_Census_years_at_usual_residence_for_the_census_usually_resident_population_count(1)_0_Years,2006_Census_years_at_usual_residence_for_the_census_usually_resident_population_count(1)_1-4_Years,2006_Census_years_at_usual_residence_for_the_census_usually_resident_population_count(1)_5-9_Years,2006_Census_years_at_usual_residence_for_the_census_usually_resident_population_count(1)_10-14_Years,2006_Census_years_at_usual_residence_for_the_census_usually_resident_population_count(1)_15-29_Years,2006_Census_years_at_usual_residence_for_the_census_usually_resident_population_count(1)_30_Years_or_More,2006_Census_years_at_usual_residence_for_the_census_usually_resident_population_count(1)_Total_people_stated,2006_Census_years_at_usual_residence_for_the_census_usually_resident_population_count(1)_Not_Elsewhere_Included(4),2006_Census_years_at_usual_residence_for_the_census_usually_resident_population_count(1)_Total_people,2013_Census_years_at_usual_residence_for_the_census_usually_resident_population_count(1)_0_Years,2013_Census_years_at_usual_residence_for_the_census_usually_resident_population_count(1)_1-4_Years,2013_Census_years_at_usual_residence_for_the_census_usually_resident_population_count(1)_5-9_Years,2013_Census_years_at_usual_residence_for_the_census_usually_resident_population_count(1)_10-14_Years,2013_Census_years_at_usual_residence_for_the_census_usually_resident_population_count(1)_15-29_Years,2013_Census_years_at_usual_residence_for_the_census_usually_resident_population_count(1)_30_Years_or_More,2013_Census_years_at_usual_residence_for_the_census_usually_resident_population_count(1)_Total_people_stated,2013_Census_years_at_usual_residence_for_the_census_usually_resident_population_count(1)_Not_Elsewhere_Included(4),2013_Census_years_at_usual_residence_for_the_census_usually_resident_population_count(1)_Total_people,2013_Census_usual_residence_five_years_ago_(2008)_indicator_for_the_census_usually_resident_population_count(1)_Same_as_Usual_Residence,2013_Census_usual_residence_five_years_ago_(2008)_indicator_for_the_census_usually_resident_population_count(1)_Elsewhere_in_New_Zealand,2013_Census_usual_residence_five_years_ago_(2008)_indicator_for_the_census_usually_resident_population_count(1)_Not_Born_Five_Years_Ago,2013_Census_usual_residence_five_years_ago_(2008)_indicator_for_the_census_usually_resident_population_count(1)_Overseas,2013_Census_usual_residence_five_years_ago_(2008)_indicator_for_the_census_usually_resident_population_count(1)_No_Fixed_Abode_Five_Years_Ago,2013_Census_usual_residence_five_years_ago_(2008)_indicator_for_the_census_usually_resident_population_count(1)_Total_people_stated,2013_Census_usual_residence_five_years_ago_(2008)_indicator_for_the_census_usually_resident_population_count(1)_Not_Elsewhere_Included,2013_Census_usual_residence_five_years_ago_(2008)_indicator_for_the_census_usually_resident_population_count(1)_Total_people,2001_Census_birthplace_for_the_census_usually_resident_population_count(1)_NZ_born,2001_Census_birthplace_for_the_census_usually_resident_population_count(1)_Overseas_born,2001_Census_birthplace_for_the_census_usually_resident_population_count(1)_Total_people_stated,2001_Census_birthplace_for_the_census_usually_resident_population_count(1)_Not_Elsewhere_Included(5),2001_Census_birthplace_for_the_census_usually_resident_population_count(1)_Total_people,2006_Census_birthplace_for_the_census_usually_resident_population_count(1)_NZ_born,2006_Census_birthplace_for_the_census_usually_resident_population_count(1)_Overseas_born,2006_Census_birthplace_for_the_census_usually_resident_population_count(1)_Total_people_stated,2006_Census_birthplace_for_the_census_usually_resident_population_count(1)_Not_Elsewhere_Included(5),2006_Census_birthplace_for_the_census_usually_resident_population_count(1)_Total_people,2013_Census_birthplace_for_the_census_usually_resident_population_count(1)_NZ_born,2013_Census_birthplace_for_the_census_usually_resident_population_count(1)_Overseas_born,2013_Census_birthplace_for_the_census_usually_resident_population_count(1)_Total_people_stated,2013_Census_birthplace_for_the_census_usually_resident_population_count(1)_Not_Elsewhere_Included(5),2013_Census_birthplace_for_the_census_usually_resident_population_count(1)_Total_people,2001_Census_years_since_arrival_in_New_Zealand_for_the_overseas-born_census_usually_resident_population_count(1)_0-9_Years,2001_Census_years_since_arrival_in_New_Zealand_for_the_overseas-born_census_usually_resident_population_count(1)_10-19_Years,2001_Census_years_since_arrival_in_New_Zealand_for_the_overseas-born_census_usually_resident_population_count(1)_20-29_Years,2001_Census_years_since_arrival_in_New_Zealand_for_the_overseas-born_census_usually_resident_population_count(1)_30-39_Years,2001_Census_years_since_arrival_in_New_Zealand_for_the_overseas-born_census_usually_resident_population_count(1)_40-49_Years,2001_Census_years_since_arrival_in_New_Zealand_for_the_overseas-born_census_usually_resident_population_count(1)_50_Years_or_More,2001_Census_years_since_arrival_in_New_Zealand_for_the_overseas-born_census_usually_resident_population_count(1)_Total_people_stated,2001_Census_years_since_arrival_in_New_Zealand_for_the_overseas-born_census_usually_resident_population_count(1)_Not_Elsewhere_Included(6),2001_Census_years_since_arrival_in_New_Zealand_for_the_overseas-born_census_usually_resident_population_count(1)_Total_people,2006_Census_years_since_arrival_in_New_Zealand_for_the_overseas-born_census_usually_resident_population_count(1)_0-9_Years,2006_Census_years_since_arrival_in_New_Zealand_for_the_overseas-born_census_usually_resident_population_count(1)_10-19_Years,2006_Census_years_since_arrival_in_New_Zealand_for_the_overseas-born_census_usually_resident_population_count(1)_20-29_Years,2006_Census_years_since_arrival_in_New_Zealand_for_the_overseas-born_census_usually_resident_population_count(1)_30-39_Years,2006_Census_years_since_arrival_in_New_Zealand_for_the_overseas-born_census_usually_resident_population_count(1)_40-49_Years,2006_Census_years_since_arrival_in_New_Zealand_for_the_overseas-born_census_usually_resident_population_count(1)_50_Years_or_More,2006_Census_years_since_arrival_in_New_Zealand_for_the_overseas-born_census_usually_resident_population_count(1)_Total_people_stated,2006_Census_years_since_arrival_in_New_Zealand_for_the_overseas-born_census_usually_resident_population_count(1)_Not_Elsewhere_Included(6),2006_Census_years_since_arrival_in_New_Zealand_for_the_overseas-born_census_usually_resident_population_count(1)_Total_people,2013_Census_years_since_arrival_in_New_Zealand_for_the_overseas-born_census_usually_resident_population_count(1)_0-9_Years,2013_Census_years_since_arrival_in_New_Zealand_for_the_overseas-born_census_usually_resident_population_count(1)_10-19_Years,2013_Census_years_since_arrival_in_New_Zealand_for_the_overseas-born_census_usually_resident_population_count(1)_20-29_Years,2013_Census_years_since_arrival_in_New_Zealand_for_the_overseas-born_census_usually_resident_population_count(1)_30-39_Years,2013_Census_years_since_arrival_in_New_Zealand_for_the_overseas-born_census_usually_resident_population_count(1)_40-49_Years,2013_Census_years_since_arrival_in_New_Zealand_for_the_overseas-born_census_usually_resident_population_count(1)_50_Years_or_More,2013_Census_years_since_arrival_in_New_Zealand_for_the_overseas-born_census_usually_resident_population_count(1)_Total_people_stated,2013_Census_years_since_arrival_in_New_Zealand_for_the_overseas-born_census_usually_resident_population_count(1)_Not_Elsewhere_Included(6),2013_Census_years_since_arrival_in_New_Zealand_for_the_overseas-born_census_usually_resident_population_count(1)_Total_people,2001_Census_ethnic_group_(grouped_total_responses)(7)(8)_for_the_census_usually_resident_population_count(1)_European,2001_Census_ethnic_group_(grouped_total_responses)(7)(8)_for_the_census_usually_resident_population_count(1)_Maori,2001_Census_ethnic_group_(grouped_total_responses)(7)(8)_for_the_census_usually_resident_population_count(1)_Pacific_Peoples,2001_Census_ethnic_group_(grouped_total_responses)(7)(8)_for_the_census_usually_resident_population_count(1)_Asian,2001_Census_ethnic_group_(grouped_total_responses)(7)(8)_for_the_census_usually_resident_population_count(1)_MELAA(9),2001_Census_ethnic_group_(grouped_total_responses)(7)(8)_for_the_census_usually_resident_population_count(1)_Other(10),2001_Census_ethnic_group_(grouped_total_responses)(7)(8)_for_the_census_usually_resident_population_count(1)_Total_people_stated,2001_Census_ethnic_group_(grouped_total_responses)(7)(8)_for_the_census_usually_resident_population_count(1)_Not_Elsewhere_Included,2001_Census_ethnic_group_(grouped_total_responses)(7)(8)_for_the_census_usually_resident_population_count(1)_Total_people,2006_Census_ethnic_group_(grouped_total_responses)(7)(8)_for_the_census_usually_resident_population_count(1)_European,2006_Census_ethnic_group_(grouped_total_responses)(7)(8)_for_the_census_usually_resident_population_count(1)_Maori,2006_Census_ethnic_group_(grouped_total_responses)(7)(8)_for_the_census_usually_resident_population_count(1)_Pacific_Peoples,2006_Census_ethnic_group_(grouped_total_responses)(7)(8)_for_the_census_usually_resident_population_count(1)_Asian,2006_Census_ethnic_group_(grouped_total_responses)(7)(8)_for_the_census_usually_resident_population_count(1)_MELAA(9),2006_Census_ethnic_group_(grouped_total_responses)(7)(8)_for_the_census_usually_resident_population_count(1)_Other(10),2006_Census_ethnic_group_(grouped_total_responses)(7)(8)_for_the_census_usually_resident_population_count(1)_Total_people_stated,2006_Census_ethnic_group_(grouped_total_responses)(7)(8)_for_the_census_usually_resident_population_count(1)_Not_Elsewhere_Included,2006_Census_ethnic_group_(grouped_total_responses)(7)(8)_for_the_census_usually_resident_population_count(1)_Total_people,2013_Census_ethnic_group_(grouped_total_responses)(7)(8)_for_the_census_usually_resident_population_count(1)_European,2013_Census_ethnic_group_(grouped_total_responses)(7)(8)_for_the_census_usually_resident_population_count(1)_Maori,2013_Census_ethnic_group_(grouped_total_responses)(7)(8)_for_the_census_usually_resident_population_count(1)_Pacific_Peoples,2013_Census_ethnic_group_(grouped_total_responses)(7)(8)_for_the_census_usually_resident_population_count(1)_Asian,2013_Census_ethnic_group_(grouped_total_responses)(7)(8)_for_the_census_usually_resident_population_count(1)_MELAA(9),2013_Census_ethnic_group_(grouped_total_responses)(7)(8)_for_the_census_usually_resident_population_count(1)_Other(10),2013_Census_ethnic_group_(grouped_total_responses)(7)(8)_for_the_census_usually_resident_population_count(1)_Total_people_stated,2013_Census_ethnic_group_(grouped_total_responses)(7)(8)_for_the_census_usually_resident_population_count(1)_Not_Elsewhere_Included,2013_Census_ethnic_group_(grouped_total_responses)(7)(8)_for_the_census_usually_resident_population_count(1)_Total_people,2001_Census_six_languages_(total_responses)(11)_for_the_census_usually_resident_population_count(1)_English,2001_Census_six_languages_(total_responses)(11)_for_the_census_usually_resident_population_count(1)_Maori,2001_Census_six_languages_(total_responses)(11)_for_the_census_usually_resident_population_count(1)_Samoan,2001_Census_six_languages_(total_responses)(11)_for_the_census_usually_resident_population_count(1)_NZ_Sign_Language,2001_Census_six_languages_(total_responses)(11)_for_the_census_usually_resident_population_count(1)_Other,2001_Census_six_languages_(total_responses)(11)_for_the_census_usually_resident_population_count(1)_None_(eg_too_young_to_talk)(13),2001_Census_six_languages_(total_responses)(11)_for_the_census_usually_resident_population_count(1)_Total_people_stated,2001_Census_six_languages_(total_responses)(11)_for_the_census_usually_resident_population_count(1)_Not_Elsewhere_Included(12),2001_Census_six_languages_(total_responses)(11)_for_the_census_usually_resident_population_count(1)_Total_people,2006_Census_six_languages_(total_responses)(11)_for_the_census_usually_resident_population_count(1)_English,2006_Census_six_languages_(total_responses)(11)_for_the_census_usually_resident_population_count(1)_Maori,2006_Census_six_languages_(total_responses)(11)_for_the_census_usually_resident_population_count(1)_Samoan,2006_Census_six_languages_(total_responses)(11)_for_the_census_usually_resident_population_count(1)_NZ_Sign_Language,2006_Census_six_languages_(total_responses)(11)_for_the_census_usually_resident_population_count(1)_Other,2006_Census_six_languages_(total_responses)(11)_for_the_census_usually_resident_population_count(1)_None_(eg_too_young_to_talk)(13),2006_Census_six_languages_(total_responses)(11)_for_the_census_usually_resident_population_count(1)_Total_people_stated,2006_Census_six_languages_(total_responses)(11)_for_the_census_usually_resident_population_count(1)_Not_Elsewhere_Included(12),2006_Census_six_languages_(total_responses)(11)_for_the_census_usually_resident_population_count(1)_Total_people,2013_Census_six_languages_(total_responses)(11)_for_the_census_usually_resident_population_count(1)_English,2013_Census_six_languages_(total_responses)(11)_for_the_census_usually_resident_population_count(1)_Maori,2013_Census_six_languages_(total_responses)(11)_for_the_census_usually_resident_population_count(1)_Samoan,2013_Census_six_languages_(total_responses)(11)_for_the_census_usually_resident_population_count(1)_NZ_Sign_Language,2013_Census_six_languages_(total_responses)(11)_for_the_census_usually_resident_population_count(1)_Other,2013_Census_six_languages_(total_responses)(11)_for_the_census_usually_resident_population_count(1)_None_(eg_too_young_to_talk)(13),2013_Census_six_languages_(total_responses)(11)_for_the_census_usually_resident_population_count(1)_Total_people_stated,2013_Census_six_languages_(total_responses)(11)_for_the_census_usually_resident_population_count(1)_Not_Elsewhere_Included(12),2013_Census_six_languages_(total_responses)(11)_for_the_census_usually_resident_population_count(1)_Total_people,2001_Census_Maori_descent_for_the_census_usually_resident_population_count(1)_Maori_Descent,2001_Census_Maori_descent_for_the_census_usually_resident_population_count(1)_No_Maori_Descent,2001_Census_Maori_descent_for_the_census_usually_resident_population_count(1)_Don't_Know,2001_Census_Maori_descent_for_the_census_usually_resident_population_count(1)_Total_people_stated,2001_Census_Maori_descent_for_the_census_usually_resident_population_count(1)_Not_Elsewhere_Included(14),2001_Census_Maori_descent_for_the_census_usually_resident_population_count(1)_Total_people,2006_Census_Maori_descent_for_the_census_usually_resident_population_count(1)_Maori_Descent,2006_Census_Maori_descent_for_the_census_usually_resident_population_count(1)_No_Maori_Descent,2006_Census_Maori_descent_for_the_census_usually_resident_population_count(1)_Don't_Know,2006_Census_Maori_descent_for_the_census_usually_resident_population_count(1)_Total_people_stated,2006_Census_Maori_descent_for_the_census_usually_resident_population_count(1)_Not_Elsewhere_Included(14),2006_Census_Maori_descent_for_the_census_usually_resident_population_count(1)_Total_people,2013_Census_Maori_descent_for_the_census_usually_resident_population_count(1)_Maori_Descent,2013_Census_Maori_descent_for_the_census_usually_resident_population_count(1)_No_Maori_Descent,2013_Census_Maori_descent_for_the_census_usually_resident_population_count(1)_Don't_Know,2013_Census_Maori_descent_for_the_census_usually_resident_population_count(1)_Total_people_stated,2013_Census_Maori_descent_for_the_census_usually_resident_population_count(1)_Not_Elsewhere_Included(14),2013_Census_Maori_descent_for_the_census_usually_resident_population_count(1)_Total_people
CMB 07601 Rodney Local Board Area,7601,Rodney Local Board Area,42768,49359,54879,43740,49665,55440,21276,21492,42768,24564,24795,49359,27132,27747,54879,3066,3495,3615,2676,1674,2040,2940,3639,3732,3147,3171,2529,2148,4905,42768,37.7,3252,4011,4062,3318,1986,1893,2898,4071,4416,3981,3525,3402,2724,5829,49356,39.1,3252,4008,4155,3561,2505,2187,2355,3114,4464,4662,4530,3759,3639,8688,54879,42.6,10176,27690,4902,42768,11322,32208,5829,49356,11415,34779,8688,54879,7803,12765,8931,4971,4371,1461,40296,2472,42768,9795,16152,8271,5247,5028,1566,46059,3300,49359,9852,14607,11496,6318,6624,1911,50811,4068,54882,24477,19290,3252,2496,9,49524,5355,54879,33390,7152,40545,2223,42768,37443,9264,46704,2655,49359,39678,11346,51024,3855,54882,1875,1110,1344,1188,912,465,6891,261,7152,3183,1533,825,1599,1098,744,8982,279,9264,3615,2442,1104,1338,1383,1185,11067,279,11346,37719,4116,771,768,105,9,40470,2298,42768,37860,4680,1092,1146,159,6462,46932,2424,49359,46587,5082,1392,1746,210,1065,51261,3618,54882,39498,870,117,237,2565,771,40458,2382,42768,45570,972,114,285,3534,864,46701,2724,49359,50076,837,147,162,4296,630,51015,3939,54882,5310,32082,831,38223,4548,42768,6051,37491,1104,44646,4713,49359,6438,41613,1263,49314,5568,54879
CMB 07602 Hibiscus and Bays Local Board Area,7602,Hibiscus and Bays Local Board Area,72390,81858,89829,72387,82362,90660,34818,37575,72390,39642,42213,81858,43173,46659,89832,4302,5238,5661,5241,3609,3579,4728,5499,6045,5352,5184,3948,3330,10671,72393,38.6,4632,5502,6576,6240,4248,3276,4671,6273,6867,6765,5442,5091,4155,12120,81858,39.6,5142,5670,6192,6543,5037,3696,4266,5136,7116,7221,6768,5799,5229,16020,89832,42.4,15201,46515,10674,72393,16710,53028,12120,81858,17004,56805,16020,89832,15783,23469,14244,7095,7494,1647,69729,2661,72393,18162,28653,14181,7809,7710,2094,78609,3249,81858,18126,26091,18153,10596,9456,2748,85173,4656,89829,38424,31962,5145,7770,3,83307,6525,89829,48873,21183,70053,2337,72390,51183,28386,79569,2292,81858,53802,31566,85371,4461,89829,9480,2601,2883,2523,1911,1125,20526,660,21183,14595,4422,1641,3150,2232,1641,27684,702,28386,12957,8553,2073,2421,2478,2367,30849,717,31566,64392,3642,900,3984,423,18,69870,2520,72393,64359,4311,1242,5976,522,8922,79905,1953,81858,75948,5004,1539,7161,804,1284,85815,4017,89829,67908,720,141,372,8631,1239,69813,2697,72393,76947,738,150,333,12111,1356,79485,2460,81858,82980,639,165,213,13377,1275,85476,4431,89829,5541,59523,1056,66120,6273,72393,6315,68667,1260,76242,5616,81858,7044,74460,1392,82893,6939,89829
CMB 07603 Upper Harbour Local Board Area,7603,Upper Harbour Local Board Area,32214,42876,53670,32397,43467,54642,16107,16101,32211,21141,21732,42873,26472,27198,53670,2397,2595,2592,2259,2277,2220,2733,3057,2886,2418,2076,1482,987,2238,32214,33.4,2844,3162,3375,3354,3252,2529,2850,3762,3936,3483,2760,2253,1572,3741,42876,35.1,3345,3480,3771,4104,4218,3693,3480,3414,4458,4383,4020,3141,2541,5613,53670,36.2,7581,22392,2241,32214,9381,29751,3741,42876,10596,37461,5610,53670,8472,12687,5898,2031,1533,459,31083,1131,32211,11376,16581,7479,3198,2073,459,41169,1704,42873,12525,16995,11040,5514,4002,555,50631,3039,53670,19851,20745,3345,5736,9,49683,3987,53670,21153,10164,31317,894,32214,24483,17262,41745,1128,42876,27525,23322,50847,2823,53670,5472,1449,1188,888,561,252,9810,351,10164,9615,3621,879,1308,810,546,16782,480,17262,9519,8571,1659,1110,930,813,22602,717,23322,25479,2025,747,4350,429,9,31263,951,32211,26550,2424,909,9372,915,4491,41841,1035,42873,33522,2610,1077,15000,1455,636,51045,2628,53670,29595,486,159,162,5691,684,31068,1215,32211,38964,510,153,165,10866,813,41655,1278,42873,47094,363,150,177,15951,960,50682,3072,53670,2862,26367,474,29700,2511,32211,3387,35829,687,39900,2973,42876,3609,44976,723,49308,4362,53670
CMB 07604 Kaipatiki Local Board Area,7604,Kaipatiki Local Board Area,74142,79128,82494,74139,79443,83022,35898,38244,74142,38553,40575,79128,39933,42561,82494,5217,5202,5238,5559,5211,5712,6738,6441,5559,4869,4746,3729,2943,6978,74142,33.6,5247,5094,5217,5844,6849,6015,6702,6810,6318,5352,4530,4218,3348,7578,79131,34.1,6261,5076,4659,5310,6336,6339,7014,6471,6438,5721,5202,4431,3774,9462,82494,35.2,15657,51510,6978,74142,15561,55992,7578,79131,15993,57039,9462,82494,18294,23343,12057,6669,7770,3057,71196,2946,74142,19374,25632,12282,6594,7722,3327,74928,4197,79131,18135,24177,15039,7797,8580,3723,77445,5046,82494,33210,28089,6261,8181,6,75747,6747,82494,46575,25176,71751,2388,74142,45402,30816,76218,2910,79131,45189,32568,77757,4737,82494,13392,3438,2655,2316,1545,840,24189,990,25176,17427,5520,1599,2496,1656,1053,29751,1062,30816,13581,10416,2709,1719,1689,1401,31515,1050,32568,53649,6534,4083,11328,1503,21,71583,2559,74142,46584,6741,4470,16980,1719,7041,76494,2637,79131,50700,6615,4602,20559,1935,1110,78138,4356,82494,66942,1707,1239,378,14859,1674,71172,3135,74142,71022,1722,1122,327,20175,1704,76041,3234,79131,72390,1458,1005,261,22347,1818,77523,5124,82494,8136,58095,1194,67425,6714,74142,8349,63000,1314,72666,6465,79131,8106,65655,1323,75081,7413,82494
CMB 07605 Devonport-Takapuna Local Board Area,7605,Devonport-Takapuna Local Board Area,49818,52653,55470,50457,53520,56910,23631,26190,49818,25170,27486,52653,26550,28920,55470,2781,3069,3393,3537,3390,3063,3411,3870,3876,3693,3687,2625,1965,7458,49818,38,2925,3168,3639,3960,3660,3195,3339,3843,4383,4026,3483,3312,2454,7269,52653,38.2,3282,3384,3618,3972,3717,3207,3201,3561,4158,4338,4068,3357,3141,8466,55467,39.7,9246,33114,7458,49818,9735,35652,7266,52653,10287,36720,8466,55467,11859,14934,8928,4731,5340,2403,48198,1620,49821,12018,16989,8571,5001,5514,2151,50244,2412,52656,12030,16434,10029,5913,6345,2268,53022,2445,55467,23400,19227,3282,6261,6,52176,3297,55467,32691,15786,48477,1341,49818,31908,19092,51000,1653,52653,32226,21021,53250,2220,55467,8214,1737,1515,1530,1326,924,15246,543,15786,10350,3336,888,1512,1332,1083,18498,594,19092,8823,6516,1464,1125,1191,1422,20535,489,21021,41190,2628,945,5493,624,9,48330,1491,49821,36726,2637,990,8307,660,5229,51207,1446,52656,40623,2847,1173,10575,951,792,53544,1923,55467,46227,687,168,222,8679,861,48144,1788,49821,48366,516,135,144,11286,906,50925,1797,52656,50496,717,375,138,12726,882,53184,2535,55467,3678,41175,744,45597,4221,49818,3738,44493,777,49008,3645,52656,3885,46860,873,51621,3846,55470
CMB 07606 Henderson-Massey Local Board Area,7606,Henderson-Massey Local Board Area,86823,98790,107685,86670,98781,107979,42216,44607,86826,47853,50934,98790,51996,55686,107685,7641,7365,7074,6471,6030,6759,7512,7347,6426,5217,4725,3513,3033,7713,86826,31.4,8193,7965,8013,7818,6750,6876,7809,8202,7710,6783,5244,4746,3420,9264,98790,32.5,9468,7977,7479,7899,7707,7668,8037,7668,7941,7320,6774,5652,4701,11388,107682,33.5,22083,57030,7713,86826,24174,65352,9261,98790,24927,71367,11388,107682,20328,27399,12864,8268,8625,3555,81036,5787,86826,21798,31869,16494,6972,8898,3777,89808,8979,98787,21696,31176,21543,10848,9702,4251,99219,8466,107682,43206,37527,9471,6813,15,97032,10653,107685,58095,23949,82044,4779,86826,60663,31485,92145,6642,98787,64251,35820,100071,7611,107685,9603,4752,3333,2304,1680,822,22488,1461,23949,15039,6246,2352,3210,1842,1251,29937,1548,31482,13209,10548,4083,2526,2109,1734,34206,1614,35820,54591,13416,14778,9081,804,27,81855,4971,86826,50229,14676,17343,15420,1545,6858,92406,6381,98787,56313,16008,19698,21981,2145,1134,100881,6801,107682,75951,3555,5796,795,13506,2136,81084,5961,86826,85275,3444,6075,729,19740,2355,91698,7272,98787,92850,3588,6156,609,24522,2274,99519,8454,107682,15207,59010,1557,75774,11052,86826,16452,68337,1815,86604,12186,98787,17487,75837,2061,95385,12300,107685
CMB 07607 Waitakere Ranges Local Board Area,7607,Waitakere Ranges Local Board Area,42630,45498,48396,42450,45354,48540,21054,21576,42630,22299,23202,45498,23625,24774,48399,3384,3687,3672,2895,2394,2736,3618,4170,3765,3114,2877,1866,1374,3081,42630,33.6,3540,3732,3759,3393,2466,2484,3648,4140,4212,3651,2880,2577,1647,3372,45498,34.7,3807,3681,3516,3360,2952,2451,3132,3738,4242,3924,3717,2895,2433,4542,48399,36.8,10740,28809,3081,42630,11031,31095,3372,45498,11007,32853,4539,48399,7734,12597,8313,4764,5022,1680,40116,2514,42630,8472,13398,7830,4908,5352,1890,41847,3648,45498,7986,13242,9762,5265,6417,2271,44940,3456,48399,22386,15387,3807,2502,9,44088,4308,48399,30468,9966,40437,2193,42630,30738,11952,42690,2808,45498,31902,13287,45192,3207,48399,3060,1872,1860,1422,894,399,9507,459,9966,4686,2196,1137,1872,1005,591,11484,468,11955,4521,3291,1455,1458,1266,882,12873,414,13287,34695,4074,3456,2013,270,18,40287,2343,42630,31605,4482,4287,3069,432,4359,42771,2724,45498,35754,5001,4968,4335,681,696,45396,3006,48399,38799,888,1302,378,4398,972,40266,2454,42630,40998,981,1524,270,5637,981,42621,2949,45498,43563,915,1644,288,6636,885,45159,3321,48399,5334,31992,738,38067,4563,42630,5559,34146,897,40605,4893,45498,6021,36558,1041,43617,4782,48399
CMB 07608 Great Barrier Local Board Area,7608,Great Barrier Local Board Area,1062,897,939,1218,1020,1071,585,477,1062,495,399,894,492,447,939,66,81,81,45,39,45,60,87,96,114,96,81,72,96,1062,41.2,36,48,51,33,21,24,45,51,63,90,105,96,81,144,894,48.9,48,60,39,12,18,27,33,57,69,60,81,108,117,210,939,53.8,231,738,93,1062,135,615,144,894,150,576,210,939,180,237,201,135,135,39,927,132,1059,129,198,159,93,162,48,786,108,897,129,234,138,108,135,72,816,123,939,438,273,51,36,0,798,141,939,789,144,933,126,1059,672,132,801,93,897,663,156,816,123,939,18,21,33,27,21,6,123,21,144,21,12,21,30,27,15,123,6,129,39,21,9,30,30,27,153,3,156,831,204,18,6,0,0,924,138,1059,642,171,18,6,0,93,801,93,897,744,150,21,9,6,27,825,114,939,912,45,9,6,48,9,921,138,1059,786,39,0,6,54,9,795,102,897,813,39,0,0,63,9,825,114,939,240,588,33,861,198,1062,192,549,27,765,132,894,168,579,24,774,165,939
CMB 07609 Waiheke Local Board Area,7609,Waiheke Local Board Area,7269,7797,8337,7815,8544,8934,3576,3696,7269,3813,3984,7797,4062,4275,8337,456,483,516,339,267,318,501,606,615,579,654,549,378,1005,7269,41.1,495,495,501,432,282,321,561,618,714,591,582,693,507,1011,7797,41.2,534,498,435,423,324,300,378,537,696,690,672,606,696,1548,8337,45.3,1452,4809,1005,7269,1491,5298,1011,7797,1467,5322,1548,8337,1866,2301,1140,687,615,120,6726,546,7269,1923,2553,1374,600,711,123,7290,510,7797,1863,2358,1506,927,882,198,7734,603,8340,3258,3063,534,666,6,7530,810,8337,5091,1680,6771,498,7269,5403,2010,7413,381,7797,5442,2301,7743,597,8340,435,258,273,294,234,126,1617,63,1680,729,300,180,318,228,186,1935,75,2013,774,450,249,258,264,234,2226,72,2301,6246,804,225,150,24,9,6738,531,7269,6102,915,285,192,39,792,7443,354,7797,7068,891,228,255,117,132,7812,528,8340,6615,288,45,42,663,105,6741,540,7269,7227,318,33,75,855,141,7413,402,7797,7608,270,24,30,945,120,7764,591,8340,1035,5115,156,6306,963,7269,1107,5739,216,7065,732,7797,1038,6282,180,7500,840,8337
CMB 07610 Waitemata Local Board Area,7610,Waitemata Local Board Area,49755,62928,77136,58800,73191,87729,24744,25011,49755,31143,31785,62928,38523,38613,77136,2250,1917,1833,3195,6906,7056,5958,4542,3699,3045,2838,1947,1314,3258,49755,31.3,2535,1953,2004,4410,10746,9027,7260,5181,4392,3873,3225,2952,1866,3495,62928,30.5,2985,2571,2325,5784,12153,11928,8619,5655,5070,4428,4218,3486,3006,4911,77136,30.4,6000,40497,3258,49755,6492,52938,3495,62928,7881,64341,4914,77136,19203,13845,5694,2889,3135,1362,46122,3630,49755,23781,17214,6351,3102,3561,1254,55257,7671,62928,28518,23223,9015,4380,4242,1425,70803,6333,77136,18108,30018,2985,18315,18,69444,7692,77136,31587,14958,46548,3207,49755,34056,22041,56094,6834,62928,37689,33330,71016,6117,77136,7428,1845,1785,1203,861,465,13590,1374,14961,13365,3135,1290,1500,891,615,20796,1245,22041,19965,6321,1995,1281,1050,942,31560,1770,33330,35655,3222,4323,6126,504,33,46287,3468,49755,36216,3567,3870,11574,1026,4644,56079,6849,62928,45168,4374,3762,20322,2433,822,71280,5853,77136,43365,1191,1203,273,9699,756,45015,4893,49755,53022,1086,984,201,15099,879,55434,7605,62928,67236,1140,783,222,22263,903,70131,7167,77136,4227,37920,906,43053,6699,49755,4809,47613,1059,53478,9450,62928,5694,61257,1344,68295,8841,77136
CMB 07611 Whau Local Board Area,7611,Whau Local Board Area,62697,69168,72594,62676,69486,72906,30417,32280,62697,33828,35343,69168,35322,37272,72597,4905,4686,4386,4620,4509,4464,5289,5595,4668,3780,3249,2820,2577,7155,62697,33.6,4713,4734,4971,4995,5793,5106,5307,5589,5697,4617,3729,3183,2679,8061,69171,34.1,5559,4593,4359,5061,5646,5490,5727,5055,5271,4986,4707,3903,3162,9078,72594,34.9,13974,41568,7155,62697,14418,46689,8061,69171,14511,49005,9078,72594,15051,18771,9705,5907,5736,3570,58740,3960,62697,15621,21078,11418,5583,6333,3288,63321,5847,69171,14271,20319,14418,7350,7452,3219,67029,5568,72597,30291,22686,5559,6966,3,65505,7089,72594,36840,22563,59406,3291,62697,35643,29232,64875,4296,69168,36858,30738,67596,5001,72594,10938,4245,2217,1764,1344,777,21288,1278,22566,16602,5268,1626,1956,1440,1020,27906,1326,29232,12549,9333,3174,1677,1437,1314,29487,1248,30735,34263,6219,11067,12951,1101,12,59235,3459,62697,28899,5871,11643,20499,1413,3948,65103,4065,69171,30603,6387,12522,24078,1683,630,68022,4575,72597,53895,1602,4377,537,14757,1485,58728,4176,62697,59088,1422,4329,549,20457,1512,64623,4683,69171,61476,1374,4284,408,22611,1530,67275,5511,72597,7113,46437,1023,54573,8121,62697,6777,52818,1047,60642,8526,69168,7143,55998,1212,64353,8241,72597
CMB 07612 Albert-Eden Local Board Area,7612,Albert-Eden Local Board Area,85233,90978,94695,87144,93309,96531,41196,44040,85233,44589,46386,90978,46278,48417,94695,5673,5319,5349,5742,7953,7830,8400,8115,6762,5703,4758,3153,2493,7989,85233,32.8,5640,5622,5949,6264,9156,8454,8124,8001,8013,6573,5097,3936,2613,7524,90978,32.8,5856,5862,6144,6867,8409,8061,7539,7275,7695,7446,6255,4833,3819,8634,94695,34,16341,60906,7986,85233,17214,66240,7524,90978,17862,68199,8634,94695,24141,26031,13047,7047,7005,2865,80136,5097,85236,24903,28635,14085,7476,7920,2517,85539,5439,90978,22122,28602,16725,9111,9228,2889,88677,6018,94695,35691,33783,5856,11640,12,86982,7713,94695,52947,27906,80853,4380,85236,53118,33951,87066,3909,90975,54834,34152,88986,5706,94695,15399,3963,2652,1953,1305,1005,26280,1626,27906,19656,6096,2115,2268,1389,1074,32595,1356,33951,14766,9741,3375,1962,1587,1314,32751,1401,34152,56421,5466,7380,16158,1344,21,80811,4425,85236,50415,5502,7236,23064,1614,7107,87303,3672,90978,56592,6108,6960,25275,1917,1053,89529,5169,94695,74931,1662,2160,510,19623,1881,79674,5826,85236,81075,1410,1983,423,25203,1845,86733,4395,90978,83217,1473,1797,348,25785,1680,88551,6390,94695,7065,66849,1392,75306,9930,85233,7302,73941,1500,82746,8232,90975,7800,76431,1491,85719,8976,94695
CMB 07613 Puketapapa Local Board Area,7613,Puketapapa Local Board Area,46770,50805,52938,46707,50946,53265,22476,24294,46770,24690,26112,50805,25722,27216,52938,3255,3438,3513,3957,3384,3123,3495,3897,3660,3141,2697,1935,1716,5571,46770,33.9,3162,3300,3894,4332,4569,3480,3411,3645,4140,3717,3117,2469,1890,5676,50805,34,3486,3297,3249,4029,4812,4317,3777,3318,3543,3639,3684,3138,2499,6147,52938,34.3,10206,30996,5568,46770,10359,34770,5676,50805,10032,36759,6147,52938,10959,14370,7881,4671,4215,2373,44469,2301,46770,10809,15579,9039,4482,5037,1983,46932,3873,50802,10716,15105,10113,5814,5967,1980,49692,3249,52938,22305,17154,3486,5757,3,48708,4233,52938,25308,19677,44985,1785,46770,23442,24585,48027,2778,50805,24192,25869,50061,2877,52938,10809,3564,1647,1059,882,627,18591,1086,19677,14304,5106,1320,1290,828,717,23565,1020,24585,9855,9063,2967,1257,780,861,24780,1089,25869,23814,2811,7005,13200,1155,9,44913,1857,46770,18855,2673,7095,19242,1299,2670,48264,2538,50802,19140,2853,8001,22284,1674,414,50427,2511,52938,40506,765,2310,333,14817,1047,44382,2568,46770,43386,657,2259,261,19482,1032,47832,3084,50802,45075,615,2193,237,21225,1077,49755,3285,52938,3480,37041,732,41253,5514,46767,3252,40995,621,44868,5937,50805,3369,43704,690,47766,5172,52938
CMB 07614 Orakei Local Board Area,7614,Orakei Local Board Area,69681,74520,79536,69876,74781,80316,32967,36714,69681,35268,39249,74520,37689,41847,79539,4086,4227,4539,4467,4617,4833,5199,5754,5580,5346,5127,3807,2910,9180,69681,37.5,4662,4611,4893,4659,4749,4392,5508,5868,6093,5769,5172,4791,3453,9894,74520,38.2,4782,5340,5217,4728,4758,4566,4803,5346,6294,6210,5745,5223,4632,11898,79536,40.2,12852,47646,9180,69681,14169,50457,9894,74520,15336,52305,11898,79536,16272,22050,12492,6237,6510,2928,66495,3186,69681,16419,24648,12891,7284,7074,2613,70932,3588,74517,15786,24000,15075,8736,8844,2742,75183,4356,79536,33282,27705,4782,8154,6,73926,5613,79539,46065,20838,66903,2778,69678,48090,23709,71799,2721,74517,49224,26097,75318,4221,79536,10905,3051,2007,1557,1338,1176,20037,801,20838,11544,5259,1557,1893,1347,1374,22974,735,23706,10104,7650,2844,1698,1395,1686,25380,714,26094,55128,2874,1887,9189,954,21,66894,2787,69681,51471,3318,2106,11031,1134,7491,72012,2511,74517,58671,3600,2172,13698,1365,1101,75801,3738,79536,63864,795,381,261,13737,1284,66474,3360,69681,68832,822,375,228,15603,1419,71820,2817,74517,72450,720,312,159,17088,1221,75351,4281,79536,4182,58278,819,63282,6396,69678,4869,63234,1047,69150,5370,74517,5169,67089,1053,73308,6231,79539
CMB 07615 Maungakiekie-Tamaki Local Board Area,7615,Maungakiekie-Tamaki Local Board Area,62526,66375,70005,62937,66846,70206,30108,32418,62526,32205,34167,66375,33657,36348,70005,5607,4755,4209,3882,4737,5772,6372,5448,4278,3702,3198,2382,2136,6045,62526,31.7,5736,4776,4482,4404,4962,5856,6531,5832,4920,4134,3570,3003,2292,5874,66372,32.3,6141,4851,4164,4287,5301,5865,6348,5514,5043,4377,4143,3630,3132,7203,70005,33.4,14571,41910,6045,62526,14994,45507,5874,66372,15159,47643,7206,70005,16401,19662,8793,5454,4758,2652,57723,4803,62526,15735,20022,11805,5145,5952,2238,60900,5472,66375,13944,20793,13044,6495,6900,2259,63435,6570,70002,26478,23322,6138,6294,6,62244,7764,70005,37971,20733,58704,3825,62526,39135,23898,63033,3339,66375,38955,25074,64032,5973,70002,9498,4365,2508,1293,810,648,19122,1611,20730,12210,4773,2037,1965,888,687,22554,1341,23898,10077,6810,3237,1791,1068,897,23877,1200,25077,30894,8688,15861,9456,624,15,58728,3795,62526,27933,8904,17229,12594,846,4017,63372,3003,66375,30852,8505,16734,15324,1080,702,64596,5409,70002,52719,2514,4107,489,14481,1905,57789,4926,62526,57384,2232,3924,429,18147,1782,62628,3909,66375,58746,1848,3543,306,19149,1647,63705,6411,70002,9540,42954,1101,53598,8925,62526,9768,47925,1104,58794,7581,66372,9261,50709,1137,61110,8895,70002
CMB 07616 Howick Local Board Area,7616,Howick Local Board Area,93096,113508,127125,93078,113532,127905,45348,47745,93093,55272,58233,113505,61710,65415,127125,5865,6618,7572,7521,5937,5376,6474,7662,7638,7155,6789,5013,3846,9633,93093,35.8,6909,7764,9225,9543,8052,6306,7314,9003,10101,8874,7368,6552,4890,11604,113505,35.9,7839,8340,9015,9630,8376,7704,8265,8229,9978,10212,9096,7761,6693,15993,127125,37.8,20055,63408,9633,93093,23898,78003,11604,113505,25194,85935,15993,127125,20985,33681,16197,7878,8598,2499,89838,3255,93093,26895,41277,20694,8832,8619,2832,109155,4350,113505,25626,39351,27063,14490,11427,3561,121521,5604,127125,52779,45696,7839,12438,9,118764,8364,127125,53124,37278,90402,2694,93096,57348,53220,110568,2940,113505,60186,61662,121851,5274,127125,21777,5592,3384,2658,1734,999,36141,1137,37278,30960,11778,2418,3261,1953,1413,51783,1434,53220,23631,23277,6018,2712,2250,1995,59889,1776,61665,64833,4485,2934,21207,1416,12,90168,2928,93093,62151,5739,4299,35178,2007,8814,110685,2823,113505,67446,6327,5631,47511,2676,1314,122604,4518,127125,83754,855,837,339,23880,1872,89841,3483,93093,101382,897,1137,375,36459,2229,110457,3222,113505,111021,837,1365,285,44751,2319,121662,5658,127125,6351,78024,1152,85524,7572,93096,7905,96606,1431,105942,7563,113505,8235,108321,1434,117993,9135,127125
CMB 07617 Mangere-Otahuhu Local Board Area,7617,Mangere-Otahuhu Local Board Area,60720,68151,70959,61569,69207,72939,29700,31020,60720,33402,34749,68151,34479,36480,70959,6642,6375,5817,4845,4632,4644,4890,4488,3828,3177,2922,2400,1950,4110,60720,27.2,7041,6756,6648,6192,5184,4749,4899,4998,4557,4017,3174,2910,2364,4665,68151,27.3,7008,6516,6444,6285,5964,4890,4659,4299,4719,4512,3924,3189,2790,5751,70959,28.3,18834,37776,4110,60720,20448,43041,4665,68151,19971,45234,5754,70959,13866,16359,9063,6618,6645,2409,54957,5763,60720,13800,17940,11856,5172,7200,2718,58686,9468,68154,12201,18678,14598,7032,7422,3084,63015,7947,70959,29769,20397,7011,4830,6,62007,8952,70959,33975,22485,56460,4260,60720,35490,26475,61965,6186,68151,36516,27741,64257,6702,70959,7875,6012,3237,1746,663,372,19905,2583,22485,11400,5616,2955,2712,951,402,24036,2439,26475,10125,6423,4191,2604,1548,648,25542,2202,27741,14358,11232,31572,6525,303,12,56496,4224,60720,12417,10875,36603,8970,357,1542,62508,5646,68154,12690,10335,39045,11151,468,258,64932,6030,70959,48261,3894,11418,504,14034,1950,54909,5994,60720,53793,3327,12315,480,17859,1926,60894,7404,68154,57201,2877,12099,348,19566,1641,63303,7797,70959,11307,37257,1170,49737,10983,60720,11019,43800,1092,55911,12240,68151,10521,47466,1119,59109,11853,70959
CMB 07618 Otara-Papatoetoe Local Board Area,7618,Otara-Papatoetoe Local Board Area,66405,72324,75663,66792,72777,76269,32265,34143,66405,34971,37353,72324,36927,38733,75660,6930,6501,5943,5280,5067,5040,5283,4953,4293,3681,3201,2556,2205,5472,66405,28.5,6951,6801,6726,6285,5445,5337,5337,5415,4986,4341,3651,2988,2403,5658,72324,28.7,6963,6351,6288,6492,6624,5832,5412,4929,4875,4587,4284,3477,3021,6516,75663,29.3,19377,41556,5472,66405,20478,46188,5658,72324,19605,49539,6516,75663,14781,19632,10332,7035,7077,2679,61539,4866,66405,14928,20055,12894,5655,7674,2391,63597,8727,72324,13764,20481,14796,7509,7809,3084,67437,8223,75663,30603,21705,6963,6774,15,66057,9603,75663,39705,23271,62976,3429,66405,38325,28413,66738,5586,72324,36642,31953,68598,7065,75663,9021,5697,3228,1731,906,465,21048,2226,23274,13785,5664,2601,2613,984,492,26136,2280,28413,13812,7545,4053,2310,1431,732,29886,2070,31953,21735,12453,27750,9099,510,9,62889,3516,66405,16581,12003,30645,14910,717,2031,67170,5157,72324,14373,10791,31674,21396,738,351,69309,6351,75663,55056,3987,11373,510,13143,1998,61800,4806,66405,58503,3234,11931,414,18495,1833,65811,6651,72324,60948,2730,11358,324,22287,1665,67866,7953,75663,12963,42231,1230,56424,9981,66405,12345,47106,1134,60582,11742,72324,11139,51426,1161,63726,11934,75663
CMB 07619 Manurewa Local Board Area,7619,Manurewa Local Board Area,65586,77190,82239,65493,76992,82242,31719,33867,65586,37344,39846,77190,39657,42585,82239,6807,6549,5853,4977,4611,5031,5766,5604,4680,3687,3270,2421,1908,4425,65586,29.1,7746,7620,7095,6498,5604,5328,5709,6006,5637,4944,3831,3351,2439,5391,77190,28.8,7968,7374,6846,6720,6633,5823,5502,5211,5613,5241,5064,4068,3246,6933,82239,29.8,19209,41952,4425,65586,22461,49341,5391,77190,22185,53124,6933,82239,16209,21495,9792,6498,4707,1824,60525,5064,65586,17994,25008,13407,4938,5703,1791,68841,8349,77190,16284,22359,18342,8445,6678,1920,74025,8217,82242,32670,26703,7965,5202,9,72552,9690,82242,46083,15423,61506,4077,65586,49296,22083,71376,5817,77193,48492,26541,75033,7206,82242,5760,3678,2385,1338,753,366,14280,1143,15426,10371,4641,2025,2115,921,561,20637,1449,22083,10512,7071,3408,1887,1275,792,24942,1599,26541,32436,17511,14592,6219,948,6,61491,4095,65586,28548,19791,20445,10653,1533,3693,71862,5331,77190,27900,19128,25020,15384,1770,519,75714,6525,82242,56625,4515,5697,474,8145,1740,60930,4857,65586,65190,4851,8007,501,13146,1806,70806,6537,77190,68436,4560,9078,339,16845,1656,74076,8277,82242,18195,37428,1290,56913,8673,65586,20247,44838,1407,66492,10701,77190,19314,49368,1491,70176,12066,82242
CMB 07620 Papakura Local Board Area,7620,Papakura Local Board Area,37440,41559,45636,37155,41181,45393,18135,19305,37437,20016,21543,41559,21867,23769,45636,3171,3291,3150,2826,2583,2727,2805,2841,2631,2406,2205,1719,1401,3690,37437,31.6,3489,3429,3585,3450,2715,2673,3069,2964,3108,2751,2340,2121,1593,4275,41559,32.5,4146,3648,3345,3330,3405,3126,2913,2889,3150,3111,2949,2331,2097,5193,45636,33.1,9612,24141,3690,37437,10506,26781,4275,41559,11139,29304,5193,45636,8952,11565,6162,3735,3627,1269,35310,2127,37440,9993,13512,6525,3150,3840,1248,38265,3294,41559,10080,13479,8964,4017,3921,1416,41874,3762,45633,16845,17682,4146,2139,6,40821,4815,45636,29463,6234,35697,1743,37437,31272,7983,39252,2304,41559,32337,9945,42282,3354,45633,2094,1062,1008,789,564,285,5802,432,6234,3465,1407,639,1059,576,450,7599,384,7980,3741,2547,1068,795,702,615,9471,477,9945,25785,9225,3027,2250,210,9,35691,1746,37440,23583,11094,4320,3273,468,3321,39513,2043,41559,26061,11976,6201,5448,585,489,42681,2952,45633,34059,2475,813,270,2997,831,35460,2064,37440,37323,2583,1116,297,4356,816,39102,2520,41559,40053,2502,1467,225,5994,813,42024,3669,45633,9942,22536,747,33222,4215,37437,11670,24426,891,36990,4572,41559,12465,26811,996,40269,5364,45636
CMB 07621 Franklin Local Board Area,7621,Franklin Local Board Area,51249,58602,65319,51315,58521,65547,25554,25698,51249,29190,29415,58602,32223,33096,65322,3951,4506,4338,3297,2364,2829,3810,4560,4356,3780,3402,2739,2133,5178,51249,35.6,4326,4782,5040,4017,2568,2565,3780,4965,5202,4665,4071,3648,2871,6105,58602,37.2,4482,5013,5139,4518,3327,2760,3084,4122,5382,5325,5208,4173,3831,8955,65322,40.2,12798,33273,5178,51249,14145,38352,6105,58602,14637,41730,8955,65322,9552,15645,10092,5553,5001,1728,47568,3681,51249,11544,18900,9948,6126,6009,1842,54369,4233,58605,11622,18252,14112,7044,7851,2313,61200,4119,65322,28950,23229,4485,2832,6,59502,5820,65319,40173,7782,47952,3297,51249,44838,10398,55236,3369,58602,48747,12690,61437,3882,65319,2394,1314,1326,1131,831,426,7419,360,7782,4059,1725,885,1674,984,696,10023,375,10398,4593,2712,1233,1380,1311,1077,12309,381,12690,41847,6075,1371,2088,78,3,47892,3357,51249,42441,6936,1815,2817,147,6582,55386,3216,58605,52551,8175,2547,3735,249,1113,61815,3504,65322,46185,1473,195,261,3711,1044,47736,3615,51249,53511,1470,159,294,5004,1131,55263,3399,58605,59898,1425,252,189,6021,852,61416,3978,65322,7485,36741,885,45105,6144,51249,8718,43005,1095,52818,5784,58602,10014,47961,1323,59295,6024,65322
